Date;Name;Status;Description;Exception
23/05/2025 15:21:04;66447 - Automação de Renegociação de Dividas;Concluido;Automação concluida com sucesso!;NoneType: None <br> 
23/05/2025 15:25:43;66447 - Automação de Renegociação de Dividas;Concluido;Automação concluida com sucesso!;NoneType: None <br> 
23/05/2025 15:34:07;66447 - Automação de Renegociação de Dividas;Report;'Vencimento ';"Traceback (most recent call last): <br>   File ""r:\66447 - Automação Renegociação Dividas - Contas a Receber - Thais Reis\main.py"", line 30, in start <br>     response = bot.registrar_renegociacao(value.to_dict(), debug=True) # <-------- Debug ON <br>   File ""r:\66447 - Automação Renegociação Dividas - Contas a Receber - Thais Reis\Entities\imobme.py"", line 55, in wrap <br>     result = func(*args, **kwargs) <br>   File ""r:\66447 - Automação Renegociação Dividas - Contas a Receber - Thais Reis\Entities\imobme.py"", line 221, in registrar_renegociacao <br>     self._find_element(By.ID, 'DataPrimeiraParcela').send_keys(dados['Vencimento '].strftime('%d%m%Y')) <br> KeyError: 'Vencimento ' <br> "
23/05/2025 15:35:11;66447 - Automação de Renegociação de Dividas;Report;'Vencimento ';"Traceback (most recent call last): <br>   File ""r:\66447 - Automação Renegociação Dividas - Contas a Receber - Thais Reis\main.py"", line 30, in start <br>     response = bot.registrar_renegociacao(value.to_dict(), debug=True) # <-------- Debug ON <br>   File ""r:\66447 - Automação Renegociação Dividas - Contas a Receber - Thais Reis\Entities\imobme.py"", line 55, in wrap <br>     result = func(*args, **kwargs) <br>   File ""r:\66447 - Automação Renegociação Dividas - Contas a Receber - Thais Reis\Entities\imobme.py"", line 221, in registrar_renegociacao <br>     self._find_element(By.ID, 'DataPrimeiraParcela').send_keys(dados['Vencimento '].strftime('%d%m%Y')) <br> KeyError: 'Vencimento ' <br> "
23/05/2025 15:35:18;66447 - Automação de Renegociação de Dividas;Concluido;Automação concluida com sucesso!;NoneType: None <br> 
23/05/2025 15:42:37;66447 - Automação de Renegociação de Dividas;Concluido;Automação concluida com sucesso!;NoneType: None <br> 
23/05/2025 16:02:08;66447 - Automação de Renegociação de Dividas;Report;;"Traceback (most recent call last): <br>   File ""r:\66447 - Automação Renegociação Dividas - Contas a Receber - Thais Reis\main.py"", line 30, in start <br>     response = bot.registrar_renegociacao(value.to_dict(), debug=True) # <-------- Debug ON <br>   File ""r:\66447 - Automação Renegociação Dividas - Contas a Receber - Thais Reis\Entities\imobme.py"", line 55, in wrap <br>     result = func(*args, **kwargs) <br>   File ""r:\66447 - Automação Renegociação Dividas - Contas a Receber - Thais Reis\Entities\imobme.py"", line 138, in registrar_renegociacao <br>     self._find_element(By.ID, 'ValorSerie').send_keys(Keys.BACKSPACE) <br>   File ""r:\66447 - Automação Renegociação Dividas - Contas a Receber - Thais Reis\Entities\imobme.py"", line 138, in registrar_renegociacao <br>     self._find_element(By.ID, 'ValorSerie').send_keys(Keys.BACKSPACE) <br>   File ""C:\Users\renan.oliveira\AppData\Local\Programs\Python\Python310\lib\bdb.py"", line 90, in trace_dispatch <br>     return self.dispatch_line(frame) <br>   File ""C:\Users\renan.oliveira\AppData\Local\Programs\Python\Python310\lib\bdb.py"", line 115, in dispatch_line <br>     if self.quitting: raise BdbQuit <br> bdb.BdbQuit <br> "
23/05/2025 16:03:27;66447 - Automação de Renegociação de Dividas;Report;Página não encontrada!;"Traceback (most recent call last): <br>   File ""R:\66447 - Automação Renegociação Dividas - Contas a Receber - Thais Reis\venv\lib\site-packages\urllib3\connection.py"", line 198, in _new_conn <br>     sock = connection.create_connection( <br>   File ""R:\66447 - Automação Renegociação Dividas - Contas a Receber - Thais Reis\venv\lib\site-packages\urllib3\util\connection.py"", line 85, in create_connection <br>     raise err <br>   File ""R:\66447 - Automação Renegociação Dividas - Contas a Receber - Thais Reis\venv\lib\site-packages\urllib3\util\connection.py"", line 73, in create_connection <br>     sock.connect(sa) <br> ConnectionRefusedError: [WinError 10061] Nenhuma conexão pôde ser feita porque a máquina de destino as recusou ativamente <br>  <br> The above exception was the direct cause of the following exception: <br>  <br> Traceback (most recent call last): <br>   File ""R:\66447 - Automação Renegociação Dividas - Contas a Receber - Thais Reis\venv\lib\site-packages\urllib3\connectionpool.py"", line 787, in urlopen <br>     response = self._make_request( <br>   File ""R:\66447 - Automação Renegociação Dividas - Contas a Receber - Thais Reis\venv\lib\site-packages\urllib3\connectionpool.py"", line 493, in _make_request <br>     conn.request( <br>   File ""R:\66447 - Automação Renegociação Dividas - Contas a Receber - Thais Reis\venv\lib\site-packages\urllib3\connection.py"", line 445, in request <br>     self.endheaders() <br>   File ""C:\Users\renan.oliveira\AppData\Local\Programs\Python\Python310\lib\http\client.py"", line 1278, in endheaders <br>     self._send_output(message_body, encode_chunked=encode_chunked) <br>   File ""C:\Users\renan.oliveira\AppData\Local\Programs\Python\Python310\lib\http\client.py"", line 1038, in _send_output <br>     self.send(msg) <br>   File ""C:\Users\renan.oliveira\AppData\Local\Programs\Python\Python310\lib\http\client.py"", line 976, in send <br>     self.connect() <br>   File ""R:\66447 - Automação Renegociação Dividas - Contas a Receber - Thais Reis\venv\lib\site-packages\urllib3\connection.py"", line 276, in connect <br>     self.sock = self._new_conn() <br>   File ""R:\66447 - Automação Renegociação Dividas - Contas a Receber - Thais Reis\venv\lib\site-packages\urllib3\connection.py"", line 213, in _new_conn <br>     raise NewConnectionError( <br> urllib3.exceptions.NewConnectionError: <urllib3.connection.HTTPConnection object at 0x000001FFB08E2920>: Failed to establish a new connection: [WinError 10061] Nenhuma conexão pôde ser feita porque a máquina de destino as recusou ativamente <br>  <br> The above exception was the direct cause of the following exception: <br>  <br> Traceback (most recent call last): <br>   File ""r:\66447 - Automação Renegociação Dividas - Contas a Receber - Thais Reis\Entities\dependencies\navegador_chrome.py"", line 238, in get <br>     result = super().get(url) <br>   File ""R:\66447 - Automação Renegociação Dividas - Contas a Receber - Thais Reis\venv\lib\site-packages\selenium\webdriver\remote\webdriver.py"", line 473, in get <br>     self.execute(Command.GET, {""url"": url}) <br>   File ""R:\66447 - Automação Renegociação Dividas - Contas a Receber - Thais Reis\venv\lib\site-packages\selenium\webdriver\remote\webdriver.py"", line 446, in execute <br>     response = self.command_executor.execute(driver_command, params) <br>   File ""R:\66447 - Automação Renegociação Dividas - Contas a Receber - Thais Reis\venv\lib\site-packages\selenium\webdriver\remote\remote_connection.py"", line 404, in execute <br>     return self._request(command_info[0], url, body=data) <br>   File ""R:\66447 - Automação Renegociação Dividas - Contas a Receber - Thais Reis\venv\lib\site-packages\selenium\webdriver\remote\remote_connection.py"", line 428, in _request <br>     response = self._conn.request(method, url, body=body, headers=headers, timeout=self._client_config.timeout) <br>   File ""R:\66447 - Automação Renegociação Dividas - Contas a Receber - Thais Reis\venv\lib\site-packages\urllib3\_request_methods.py"", line 143, in request <br>     return self.request_encode_body( <br>   File ""R:\66447 - Automação Renegociação Dividas - Contas a Receber - Thais Reis\venv\lib\site-packages\urllib3\_request_methods.py"", line 278, in request_encode_body <br>     return self.urlopen(method, url, **extra_kw) <br>   File ""R:\66447 - Automação Renegociação Dividas - Contas a Receber - Thais Reis\venv\lib\site-packages\urllib3\poolmanager.py"", line 443, in urlopen <br>     response = conn.urlopen(method, u.request_uri, **kw) <br>   File ""R:\66447 - Automação Renegociação Dividas - Contas a Receber - Thais Reis\venv\lib\site-packages\urllib3\connectionpool.py"", line 871, in urlopen <br>     return self.urlopen( <br>   File ""R:\66447 - Automação Renegociação Dividas - Contas a Receber - Thais Reis\venv\lib\site-packages\urllib3\connectionpool.py"", line 871, in urlopen <br>     return self.urlopen( <br>   File ""R:\66447 - Automação Renegociação Dividas - Contas a Receber - Thais Reis\venv\lib\site-packages\urllib3\connectionpool.py"", line 871, in urlopen <br>     return self.urlopen( <br>   File ""R:\66447 - Automação Renegociação Dividas - Contas a Receber - Thais Reis\venv\lib\site-packages\urllib3\connectionpool.py"", line 841, in urlopen <br>     retries = retries.increment( <br>   File ""R:\66447 - Automação Renegociação Dividas - Contas a Receber - Thais Reis\venv\lib\site-packages\urllib3\util\retry.py"", line 519, in increment <br>     raise MaxRetryError(_pool, url, reason) from reason  # type: ignore[arg-type] <br> urllib3.exceptions.MaxRetryError: HTTPConnectionPool(host='localhost', port=53727): Max retries exceeded with url: /session/184cd9bed07f75a7bdb69f0ea3e3171e/url (Caused by NewConnectionError('<urllib3.connection.HTTPConnection object at 0x000001FFB08E2920>: Failed to establish a new connection: [WinError 10061] Nenhuma conexão pôde ser feita porque a máquina de destino as recusou ativamente')) <br>  <br> During handling of the above exception, another exception occurred: <br>  <br> Traceback (most recent call last): <br>   File ""r:\66447 - Automação Renegociação Dividas - Contas a Receber - Thais Reis\main.py"", line 30, in start <br>     response = bot.registrar_renegociacao(value.to_dict(), debug=True) # <-------- Debug ON <br>   File ""r:\66447 - Automação Renegociação Dividas - Contas a Receber - Thais Reis\Entities\imobme.py"", line 55, in wrap <br>     result = func(*args, **kwargs) <br>   File ""r:\66447 - Automação Renegociação Dividas - Contas a Receber - Thais Reis\Entities\imobme.py"", line 101, in registrar_renegociacao <br>     self.__load_page(f""Contrato/PosicaoFinanceira/{dados['Numero do contrato']}"") <br>   File ""r:\66447 - Automação Renegociação Dividas - Contas a Receber - Thais Reis\Entities\imobme.py"", line 85, in __load_page <br>     self.get(url) <br>   File ""r:\66447 - Automação Renegociação Dividas - Contas a Receber - Thais Reis\Entities\dependencies\navegador_chrome.py"", line 245, in get <br>     raise PageError(""Página não encontrada!"") <br> dependencies.navegador_chrome.PageError: Página não encontrada! <br> "
23/05/2025 16:03:49;66447 - Automação de Renegociação de Dividas;Concluido;Automação concluida com sucesso!;NoneType: None <br> 
23/05/2025 16:09:10;66447 - Automação de Renegociação de Dividas;Report;;"Traceback (most recent call last): <br>   File ""r:\66447 - Automação Renegociação Dividas - Contas a Receber - Thais Reis\main.py"", line 30, in start <br>     response = bot.registrar_renegociacao(value.to_dict(), debug=True) # <-------- Debug ON <br>   File ""r:\66447 - Automação Renegociação Dividas - Contas a Receber - Thais Reis\Entities\imobme.py"", line 55, in wrap <br>     result = func(*args, **kwargs) <br>   File ""r:\66447 - Automação Renegociação Dividas - Contas a Receber - Thais Reis\Entities\imobme.py"", line 145, in registrar_renegociacao <br>   File ""r:\66447 - Automação Renegociação Dividas - Contas a Receber - Thais Reis\Entities\imobme.py"", line 145, in registrar_renegociacao <br>   File ""C:\Users\renan.oliveira\AppData\Local\Programs\Python\Python310\lib\bdb.py"", line 90, in trace_dispatch <br>     return self.dispatch_line(frame) <br>   File ""C:\Users\renan.oliveira\AppData\Local\Programs\Python\Python310\lib\bdb.py"", line 115, in dispatch_line <br>     if self.quitting: raise BdbQuit <br> bdb.BdbQuit <br> "
23/05/2025 16:11:32;66447 - Automação de Renegociação de Dividas;Concluido;Automação concluida com sucesso!;NoneType: None <br> 
23/05/2025 16:14:17;66447 - Automação de Renegociação de Dividas;Concluido;Automação concluida com sucesso!;NoneType: None <br> 
23/05/2025 16:46:09;66447 - Automação de Renegociação de Dividas;Error;Nenhum arquivo encontrado na pasta 'file'.;"Traceback (most recent call last): <br>   File ""r:\66447 - Automação Renegociação Dividas - Contas a Receber - Thais Reis\Entities\dependencies\arguments.py"", line 34, in __start <br>     self.__valid_arguments[selected_argv]() #type: ignore <br>   File ""r:\66447 - Automação Renegociação Dividas - Contas a Receber - Thais Reis\main.py"", line 28, in start <br>     path = get_path() <br>   File ""r:\66447 - Automação Renegociação Dividas - Contas a Receber - Thais Reis\main.py"", line 22, in get_path <br>     raise FileNotFoundError(""Nenhum arquivo encontrado na pasta 'file'."") <br> FileNotFoundError: Nenhum arquivo encontrado na pasta 'file'. <br> "
23/05/2025 16:47:59;66447 - Automação de Renegociação de Dividas;Error;Nenhum arquivo encontrado na pasta 'file'.;"Traceback (most recent call last): <br>   File ""r:\66447 - Automação Renegociação Dividas - Contas a Receber - Thais Reis\Entities\dependencies\arguments.py"", line 34, in __start <br>     self.__valid_arguments[selected_argv]() #type: ignore <br>   File ""r:\66447 - Automação Renegociação Dividas - Contas a Receber - Thais Reis\main.py"", line 29, in start <br>     path = get_path() <br>   File ""r:\66447 - Automação Renegociação Dividas - Contas a Receber - Thais Reis\main.py"", line 23, in get_path <br>     raise FileNotFoundError(""Nenhum arquivo encontrado na pasta 'file'."") <br> FileNotFoundError: Nenhum arquivo encontrado na pasta 'file'. <br> "
23/05/2025 16:48:51;66447 - Automação de Renegociação de Dividas;Concluido;Automação concluida com sucesso!;NoneType: None <br> 
23/05/2025 16:50:31;66447 - Automação de Renegociação de Dividas;Concluido;Automação concluida com sucesso!;NoneType: None <br> 
26/05/2025 15:48:50;66447 - Automação de Renegociação de Dividas;Concluido;Automação concluida com sucesso!;NoneType: None <br> 
26/05/2025 16:09:04;66447 - Automação de Renegociação de Dividas;Concluido;Automação concluida com sucesso!;NoneType: None <br> 
27/05/2025 15:40:06;66447 - Automação de Renegociação de Dividas;Concluido;Automação concluida com sucesso!;NoneType: None <br> 
27/05/2025 16:09:15;66447 - Automação de Renegociação de Dividas;Concluido;Automação concluida com sucesso!;NoneType: None <br> 
27/05/2025 16:09:47;66447 - Automação de Renegociação de Dividas;Concluido;Automação concluida com sucesso!;NoneType: None <br> 
27/05/2025 16:19:16;66447 - Automação de Renegociação de Dividas;Error;Página não encontrada!;"Traceback (most recent call last): <br>   File ""C:\Projetos\66447 - Automação Renegociação Dividas - Contas a Receber - Thais Reis\Entities\dependencies\navegador_chrome.py"", line 238, in get <br>     result = super().get(url) <br>   File ""C:\Projetos\66447 - Automação Renegociação Dividas - Contas a Receber - Thais Reis\venv\lib\site-packages\selenium\webdriver\remote\webdriver.py"", line 473, in get <br>     self.execute(Command.GET, {""url"": url}) <br>   File ""C:\Projetos\66447 - Automação Renegociação Dividas - Contas a Receber - Thais Reis\venv\lib\site-packages\selenium\webdriver\remote\webdriver.py"", line 448, in execute <br>     self.error_handler.check_response(response) <br>   File ""C:\Projetos\66447 - Automação Renegociação Dividas - Contas a Receber - Thais Reis\venv\lib\site-packages\selenium\webdriver\remote\errorhandler.py"", line 232, in check_response <br>     raise exception_class(message, screen, stacktrace) <br> selenium.common.exceptions.TimeoutException: Message: timeout: Timed out receiving message from renderer: -0.004 <br>   (Session info: chrome=136.0.7103.114) <br> Stacktrace: <br> 	GetHandleVerifier [0x00007FF7C5C5CF45+75717] <br> 	GetHandleVerifier [0x00007FF7C5C5CFA0+75808] <br> 	(No symbol) [0x00007FF7C5A28F9A] <br> 	(No symbol) [0x00007FF7C5A164EC] <br> 	(No symbol) [0x00007FF7C5A161DA] <br> 	(No symbol) [0x00007FF7C5A13E8A] <br> 	(No symbol) [0x00007FF7C5A1483F] <br> 	(No symbol) [0x00007FF7C5A233AE] <br> 	(No symbol) [0x00007FF7C5A397E1] <br> 	(No symbol) [0x00007FF7C5A4091A] <br> 	(No symbol) [0x00007FF7C5A14FAD] <br> 	(No symbol) [0x00007FF7C5A394D0] <br> 	(No symbol) [0x00007FF7C5ACF276] <br> 	(No symbol) [0x00007FF7C5AA7153] <br> 	(No symbol) [0x00007FF7C5A70421] <br> 	(No symbol) [0x00007FF7C5A711B3] <br> 	GetHandleVerifier [0x00007FF7C5F5D71D+3223453] <br> 	GetHandleVerifier [0x00007FF7C5F57CC2+3200322] <br> 	GetHandleVerifier [0x00007FF7C5F75AF3+3322739] <br> 	GetHandleVerifier [0x00007FF7C5C76A1A+180890] <br> 	GetHandleVerifier [0x00007FF7C5C7E11F+211359] <br> 	GetHandleVerifier [0x00007FF7C5C65294+109332] <br> 	GetHandleVerifier [0x00007FF7C5C65442+109762] <br> 	GetHandleVerifier [0x00007FF7C5C4BA59+4825] <br> 	BaseThreadInitThunk [0x00007FFD6B50E8D7+23] <br> 	RtlUserThreadStart [0x00007FFD6CFD14FC+44] <br>  <br>  <br> During handling of the above exception, another exception occurred: <br>  <br> Traceback (most recent call last): <br>   File ""C:\Projetos\66447 - Automação Renegociação Dividas - Contas a Receber - Thais Reis\Entities\dependencies\arguments.py"", line 34, in __start <br>     self.__valid_arguments[selected_argv]() #type: ignore <br>   File ""C:\Projetos\66447 - Automação Renegociação Dividas - Contas a Receber - Thais Reis\main.py"", line 39, in start <br>     bot = Imobme(headless=True) <br>   File ""C:\Projetos\66447 - Automação Renegociação Dividas - Contas a Receber - Thais Reis\Entities\imobme.py"", line 71, in __init__ <br>     self.__load_page('Autenticacao/Login') <br>   File ""C:\Projetos\66447 - Automação Renegociação Dividas - Contas a Receber - Thais Reis\Entities\imobme.py"", line 86, in __load_page <br>     self.get(url) <br>   File ""C:\Projetos\66447 - Automação Renegociação Dividas - Contas a Receber - Thais Reis\Entities\dependencies\navegador_chrome.py"", line 245, in get <br>     raise PageError(""Página não encontrada!"") <br> dependencies.navegador_chrome.PageError: Página não encontrada! <br> "
27/05/2025 16:22:52;66447 - Automação de Renegociação de Dividas;Concluido;Automação concluida com sucesso!;NoneType: None <br> 
27/05/2025 16:47:35;66447 - Automação de Renegociação de Dividas;Concluido;Processo concluído com sucesso!;NoneType: None <br> 
27/05/2025 16:47:37;66447 - Automação de Renegociação de Dividas;Concluido;Automação concluida com sucesso!;NoneType: None <br> 
27/05/2025 16:54:33;66447 - Automação de Renegociação de Dividas;Concluido;Processo concluído com sucesso!;NoneType: None <br> 
27/05/2025 16:54:35;66447 - Automação de Renegociação de Dividas;Concluido;Automação concluida com sucesso!;NoneType: None <br> 
27/05/2025 16:55:48;66447 - Automação de Renegociação de Dividas;Concluido;Processo concluído com sucesso!;NoneType: None <br> 
27/05/2025 16:55:50;66447 - Automação de Renegociação de Dividas;Concluido;Automação concluida com sucesso!;NoneType: None <br> 
27/05/2025 16:57:04;66447 - Automação de Renegociação de Dividas;Concluido;Processo concluído com sucesso!;NoneType: None <br> 
27/05/2025 16:57:06;66447 - Automação de Renegociação de Dividas;Concluido;Automação concluida com sucesso!;NoneType: None <br> 
27/05/2025 16:59:55;66447 - Automação de Renegociação de Dividas;Concluido;Processo concluído com sucesso!;NoneType: None <br> 
27/05/2025 16:59:57;66447 - Automação de Renegociação de Dividas;Concluido;Automação concluida com sucesso!;NoneType: None <br> 
28/05/2025 10:53:14;66447 - Automação de Renegociação de Dividas;Report;;"Traceback (most recent call last): <br>   File ""r:\66447 - Automação Renegociação Dividas - Contas a Receber - Thais Reis\main.py"", line 49, in start <br>     response = bot.registrar_renegociacao(value.to_dict(), debug=False) # <-------- Debug OFF <br>   File ""r:\66447 - Automação Renegociação Dividas - Contas a Receber - Thais Reis\Entities\imobme.py"", line 56, in wrap <br>     result = func(*args, **kwargs) <br>   File ""r:\66447 - Automação Renegociação Dividas - Contas a Receber - Thais Reis\Entities\imobme.py"", line 123, in registrar_renegociacao <br>   File ""r:\66447 - Automação Renegociação Dividas - Contas a Receber - Thais Reis\Entities\imobme.py"", line 123, in registrar_renegociacao <br>   File ""C:\Users\renan.oliveira\AppData\Local\Programs\Python\Python310\lib\bdb.py"", line 90, in trace_dispatch <br>     return self.dispatch_line(frame) <br>   File ""C:\Users\renan.oliveira\AppData\Local\Programs\Python\Python310\lib\bdb.py"", line 115, in dispatch_line <br>     if self.quitting: raise BdbQuit <br> bdb.BdbQuit <br> "
28/05/2025 10:53:21;66447 - Automação de Renegociação de Dividas;Concluido;Processo concluído com sucesso!;NoneType: None <br> 
28/05/2025 10:53:23;66447 - Automação de Renegociação de Dividas;Concluido;Automação concluida com sucesso!;NoneType: None <br> 
28/05/2025 10:56:42;66447 - Automação de Renegociação de Dividas;Error;;"Traceback (most recent call last): <br>   File ""r:\66447 - Automação Renegociação Dividas - Contas a Receber - Thais Reis\Entities\dependencies\arguments.py"", line 34, in __start <br>     self.__valid_arguments[selected_argv]() #type: ignore <br>   File ""r:\66447 - Automação Renegociação Dividas - Contas a Receber - Thais Reis\main.py"", line 41, in start <br>     retorno = {} <br>   File ""r:\66447 - Automação Renegociação Dividas - Contas a Receber - Thais Reis\main.py"", line 41, in start <br>     retorno = {} <br>   File ""C:\Users\renan.oliveira\AppData\Local\Programs\Python\Python310\lib\bdb.py"", line 90, in trace_dispatch <br>     return self.dispatch_line(frame) <br>   File ""C:\Users\renan.oliveira\AppData\Local\Programs\Python\Python310\lib\bdb.py"", line 115, in dispatch_line <br>     if self.quitting: raise BdbQuit <br> bdb.BdbQuit <br> "
28/05/2025 10:58:51;66447 - Automação de Renegociação de Dividas;Error;;"Traceback (most recent call last): <br>   File ""r:\66447 - Automação Renegociação Dividas - Contas a Receber - Thais Reis\Entities\dependencies\arguments.py"", line 34, in __start <br>     self.__valid_arguments[selected_argv]() #type: ignore <br>   File ""r:\66447 - Automação Renegociação Dividas - Contas a Receber - Thais Reis\main.py"", line 41, in start <br>     retorno = {} <br>   File ""r:\66447 - Automação Renegociação Dividas - Contas a Receber - Thais Reis\main.py"", line 41, in start <br>     retorno = {} <br>   File ""C:\Users\renan.oliveira\AppData\Local\Programs\Python\Python310\lib\bdb.py"", line 90, in trace_dispatch <br>     return self.dispatch_line(frame) <br>   File ""C:\Users\renan.oliveira\AppData\Local\Programs\Python\Python310\lib\bdb.py"", line 115, in dispatch_line <br>     if self.quitting: raise BdbQuit <br> bdb.BdbQuit <br> "
28/05/2025 11:00:26;66447 - Automação de Renegociação de Dividas;Error;;"Traceback (most recent call last): <br>   File ""r:\66447 - Automação Renegociação Dividas - Contas a Receber - Thais Reis\Entities\dependencies\arguments.py"", line 34, in __start <br>     self.__valid_arguments[selected_argv]() #type: ignore <br>   File ""r:\66447 - Automação Renegociação Dividas - Contas a Receber - Thais Reis\main.py"", line 41, in start <br>     retorno = {} <br>   File ""r:\66447 - Automação Renegociação Dividas - Contas a Receber - Thais Reis\main.py"", line 41, in start <br>     retorno = {} <br>   File ""C:\Users\renan.oliveira\AppData\Local\Programs\Python\Python310\lib\bdb.py"", line 90, in trace_dispatch <br>     return self.dispatch_line(frame) <br>   File ""C:\Users\renan.oliveira\AppData\Local\Programs\Python\Python310\lib\bdb.py"", line 115, in dispatch_line <br>     if self.quitting: raise BdbQuit <br> bdb.BdbQuit <br> "
28/05/2025 11:00:49;66447 - Automação de Renegociação de Dividas;Error;Message: unknown error: JavaScript code failed <br> from unknown command: 'Runtime.evaluate' wasn't found <br>   (Session info: chrome=136.0.7103.114) <br> Stacktrace: <br> 	GetHandleVerifier [0x00007FF62781CF45+75717] <br> 	GetHandleVerifier [0x00007FF62781CFA0+75808] <br> 	(No symbol) [0x00007FF6275E8F9A] <br> 	(No symbol) [0x00007FF6275D5840] <br> 	(No symbol) [0x00007FF6275D403B] <br> 	(No symbol) [0x00007FF6275D483F] <br> 	(No symbol) [0x00007FF6275FFE4B] <br> 	(No symbol) [0x00007FF6275F34A0] <br> 	(No symbol) [0x00007FF6275F3342] <br> 	(No symbol) [0x00007FF6275C5045] <br> 	(No symbol) [0x00007FF6275C2FD3] <br> 	(No symbol) [0x00007FF6276A74A1] <br> 	(No symbol) [0x00007FF62766737A] <br> 	(No symbol) [0x00007FF62768F39C] <br> 	(No symbol) [0x00007FF627667153] <br> 	(No symbol) [0x00007FF627630421] <br> 	(No symbol) [0x00007FF6276311B3] <br> 	GetHandleVerifier [0x00007FF627B1D71D+3223453] <br> 	GetHandleVerifier [0x00007FF627B17CC2+3200322] <br> 	GetHandleVerifier [0x00007FF627B35AF3+3322739] <br> 	GetHandleVerifier [0x00007FF627836A1A+180890] <br> 	GetHandleVerifier [0x00007FF62783E11F+211359] <br> 	GetHandleVerifier [0x00007FF627825294+109332] <br> 	GetHandleVerifier [0x00007FF627825442+109762] <br> 	GetHandleVerifier [0x00007FF62780BA59+4825] <br> 	BaseThreadInitThunk [0x00007FFD6B50E8D7+23] <br> 	RtlUserThreadStart [0x00007FFD6CFD14FC+44] <br> ;"Traceback (most recent call last): <br>   File ""r:\66447 - Automação Renegociação Dividas - Contas a Receber - Thais Reis\Entities\dependencies\arguments.py"", line 34, in __start <br>     self.__valid_arguments[selected_argv]() #type: ignore <br>   File ""r:\66447 - Automação Renegociação Dividas - Contas a Receber - Thais Reis\main.py"", line 39, in start <br>     bot = Imobme(headless=False) <br>   File ""r:\66447 - Automação Renegociação Dividas - Contas a Receber - Thais Reis\Entities\imobme.py"", line 73, in __init__ <br>     self.maximize_window() <br>   File ""R:\66447 - Automação Renegociação Dividas - Contas a Receber - Thais Reis\venv\lib\site-packages\selenium\webdriver\remote\webdriver.py"", line 641, in maximize_window <br>     self.execute(command, None) <br>   File ""R:\66447 - Automação Renegociação Dividas - Contas a Receber - Thais Reis\venv\lib\site-packages\selenium\webdriver\remote\webdriver.py"", line 448, in execute <br>     self.error_handler.check_response(response) <br>   File ""R:\66447 - Automação Renegociação Dividas - Contas a Receber - Thais Reis\venv\lib\site-packages\selenium\webdriver\remote\errorhandler.py"", line 232, in check_response <br>     raise exception_class(message, screen, stacktrace) <br> selenium.common.exceptions.WebDriverException: Message: unknown error: JavaScript code failed <br> from unknown command: 'Runtime.evaluate' wasn't found <br>   (Session info: chrome=136.0.7103.114) <br> Stacktrace: <br> 	GetHandleVerifier [0x00007FF62781CF45+75717] <br> 	GetHandleVerifier [0x00007FF62781CFA0+75808] <br> 	(No symbol) [0x00007FF6275E8F9A] <br> 	(No symbol) [0x00007FF6275D5840] <br> 	(No symbol) [0x00007FF6275D403B] <br> 	(No symbol) [0x00007FF6275D483F] <br> 	(No symbol) [0x00007FF6275FFE4B] <br> 	(No symbol) [0x00007FF6275F34A0] <br> 	(No symbol) [0x00007FF6275F3342] <br> 	(No symbol) [0x00007FF6275C5045] <br> 	(No symbol) [0x00007FF6275C2FD3] <br> 	(No symbol) [0x00007FF6276A74A1] <br> 	(No symbol) [0x00007FF62766737A] <br> 	(No symbol) [0x00007FF62768F39C] <br> 	(No symbol) [0x00007FF627667153] <br> 	(No symbol) [0x00007FF627630421] <br> 	(No symbol) [0x00007FF6276311B3] <br> 	GetHandleVerifier [0x00007FF627B1D71D+3223453] <br> 	GetHandleVerifier [0x00007FF627B17CC2+3200322] <br> 	GetHandleVerifier [0x00007FF627B35AF3+3322739] <br> 	GetHandleVerifier [0x00007FF627836A1A+180890] <br> 	GetHandleVerifier [0x00007FF62783E11F+211359] <br> 	GetHandleVerifier [0x00007FF627825294+109332] <br> 	GetHandleVerifier [0x00007FF627825442+109762] <br> 	GetHandleVerifier [0x00007FF62780BA59+4825] <br> 	BaseThreadInitThunk [0x00007FFD6B50E8D7+23] <br> 	RtlUserThreadStart [0x00007FFD6CFD14FC+44] <br>  <br> "
28/05/2025 11:03:25;66447 - Automação de Renegociação de Dividas;Error;;"Traceback (most recent call last): <br>   File ""r:\66447 - Automação Renegociação Dividas - Contas a Receber - Thais Reis\Entities\dependencies\arguments.py"", line 34, in __start <br>     self.__valid_arguments[selected_argv]() #type: ignore <br>   File ""r:\66447 - Automação Renegociação Dividas - Contas a Receber - Thais Reis\main.py"", line 41, in start <br>     retorno = {} <br>   File ""r:\66447 - Automação Renegociação Dividas - Contas a Receber - Thais Reis\main.py"", line 41, in start <br>     retorno = {} <br>   File ""C:\Users\renan.oliveira\AppData\Local\Programs\Python\Python310\lib\bdb.py"", line 90, in trace_dispatch <br>     return self.dispatch_line(frame) <br>   File ""C:\Users\renan.oliveira\AppData\Local\Programs\Python\Python310\lib\bdb.py"", line 115, in dispatch_line <br>     if self.quitting: raise BdbQuit <br> bdb.BdbQuit <br> "
28/05/2025 12:05:02;66447 - Automação de Renegociação de Dividas;Report;;"Traceback (most recent call last): <br>   File ""r:\66447 - Automação Renegociação Dividas - Contas a Receber - Thais Reis\main.py"", line 49, in start <br>     response = bot.registrar_renegociacao(value.to_dict(), debug=False) # <-------- Debug OFF <br>   File ""r:\66447 - Automação Renegociação Dividas - Contas a Receber - Thais Reis\Entities\imobme.py"", line 56, in wrap <br>     result = func(*args, **kwargs) <br>   File ""r:\66447 - Automação Renegociação Dividas - Contas a Receber - Thais Reis\Entities\imobme.py"", line 139, in registrar_renegociacao <br>     self._find_element(By.XPATH, '//*[@id=""tab-serie""]/thead/tr').location_once_scrolled_into_view <br>   File ""r:\66447 - Automação Renegociação Dividas - Contas a Receber - Thais Reis\Entities\imobme.py"", line 139, in registrar_renegociacao <br>     self._find_element(By.XPATH, '//*[@id=""tab-serie""]/thead/tr').location_once_scrolled_into_view <br>   File ""C:\Users\renan.oliveira\AppData\Local\Programs\Python\Python310\lib\bdb.py"", line 90, in trace_dispatch <br>     return self.dispatch_line(frame) <br>   File ""C:\Users\renan.oliveira\AppData\Local\Programs\Python\Python310\lib\bdb.py"", line 115, in dispatch_line <br>     if self.quitting: raise BdbQuit <br> bdb.BdbQuit <br> "
28/05/2025 12:05:35;66447 - Automação de Renegociação de Dividas;Report;;"Traceback (most recent call last): <br>   File ""r:\66447 - Automação Renegociação Dividas - Contas a Receber - Thais Reis\main.py"", line 49, in start <br>     response = bot.registrar_renegociacao(value.to_dict(), debug=False) # <-------- Debug OFF <br>   File ""r:\66447 - Automação Renegociação Dividas - Contas a Receber - Thais Reis\Entities\imobme.py"", line 56, in wrap <br>     result = func(*args, **kwargs) <br>   File ""r:\66447 - Automação Renegociação Dividas - Contas a Receber - Thais Reis\Entities\imobme.py"", line 139, in registrar_renegociacao <br>     self._find_element(By.XPATH, '//*[@id=""tab-serie""]/thead/tr').location_once_scrolled_into_view <br>   File ""r:\66447 - Automação Renegociação Dividas - Contas a Receber - Thais Reis\Entities\imobme.py"", line 139, in registrar_renegociacao <br>     self._find_element(By.XPATH, '//*[@id=""tab-serie""]/thead/tr').location_once_scrolled_into_view <br>   File ""C:\Users\renan.oliveira\AppData\Local\Programs\Python\Python310\lib\bdb.py"", line 90, in trace_dispatch <br>     return self.dispatch_line(frame) <br>   File ""C:\Users\renan.oliveira\AppData\Local\Programs\Python\Python310\lib\bdb.py"", line 115, in dispatch_line <br>     if self.quitting: raise BdbQuit <br> bdb.BdbQuit <br> "
28/05/2025 12:05:42;66447 - Automação de Renegociação de Dividas;Concluido;Processo concluído com sucesso!;NoneType: None <br> 
28/05/2025 12:05:44;66447 - Automação de Renegociação de Dividas;Concluido;Automação concluida com sucesso!;NoneType: None <br> 
28/05/2025 14:08:42;66447 - Automação de Renegociação de Dividas;Error;Colunas não encontradas: ['ObservaçãoVencimento'];"Traceback (most recent call last): <br>   File ""r:\66447 - Automação Renegociação Dividas - Contas a Receber - Thais Reis\Entities\dependencies\arguments.py"", line 34, in __start <br>     self.__valid_arguments[selected_argv]() #type: ignore <br>   File ""r:\66447 - Automação Renegociação Dividas - Contas a Receber - Thais Reis\main.py"", line 38, in start <br>     if PrepararDados.validar_dados(df): <br>   File ""r:\66447 - Automação Renegociação Dividas - Contas a Receber - Thais Reis\Entities\preparar_dados.py"", line 55, in validar_dados <br>     raise ValueError(f""Colunas não encontradas: {columns_not_found}"") <br> ValueError: Colunas não encontradas: ['ObservaçãoVencimento'] <br> "
28/05/2025 14:16:14;66447 - Automação de Renegociação de Dividas;Report;;"Traceback (most recent call last): <br>   File ""r:\66447 - Automação Renegociação Dividas - Contas a Receber - Thais Reis\main.py"", line 49, in start <br>     response = bot.registrar_renegociacao(value.to_dict(), debug=False) # <-------- Debug OFF <br>   File ""r:\66447 - Automação Renegociação Dividas - Contas a Receber - Thais Reis\Entities\imobme.py"", line 56, in wrap <br>     result = func(*args, **kwargs) <br>   File ""r:\66447 - Automação Renegociação Dividas - Contas a Receber - Thais Reis\Entities\imobme.py"", line 252, in registrar_renegociacao <br>     if not debug: <br>   File ""r:\66447 - Automação Renegociação Dividas - Contas a Receber - Thais Reis\Entities\imobme.py"", line 252, in registrar_renegociacao <br>     if not debug: <br>   File ""C:\Users\renan.oliveira\AppData\Local\Programs\Python\Python310\lib\bdb.py"", line 90, in trace_dispatch <br>     return self.dispatch_line(frame) <br>   File ""C:\Users\renan.oliveira\AppData\Local\Programs\Python\Python310\lib\bdb.py"", line 115, in dispatch_line <br>     if self.quitting: raise BdbQuit <br> bdb.BdbQuit <br> "
28/05/2025 15:32:57;66447 - Automação de Renegociação de Dividas;Error;path='R:\\66447 - Automação Renegociação Dividas - Contas a Receber - Thais Reis\\file\\RETORNO - KITEi .xlsx.crdownload' não é um arquivo excel!;"Traceback (most recent call last): <br>   File ""r:\66447 - Automação Renegociação Dividas - Contas a Receber - Thais Reis\Entities\dependencies\arguments.py"", line 34, in __start <br>     self.__valid_arguments[selected_argv]() #type: ignore <br>   File ""r:\66447 - Automação Renegociação Dividas - Contas a Receber - Thais Reis\main.py"", line 51, in start <br>     df = PrepararDados.preparar_dados(path) <br>   File ""r:\66447 - Automação Renegociação Dividas - Contas a Receber - Thais Reis\Entities\preparar_dados.py"", line 15, in preparar_dados <br>     raise TypeError(f""{path=} não é um arquivo excel!"") <br> TypeError: path='R:\\66447 - Automação Renegociação Dividas - Contas a Receber - Thais Reis\\file\\RETORNO - KITEi .xlsx.crdownload' não é um arquivo excel! <br> "
28/05/2025 15:33:35;66447 - Automação de Renegociação de Dividas;Error;path='R:\\66447 - Automação Renegociação Dividas - Contas a Receber - Thais Reis\\file\\RETORNO - KITEi .xlsx.crdownload' não é um arquivo excel!;"Traceback (most recent call last): <br>   File ""r:\66447 - Automação Renegociação Dividas - Contas a Receber - Thais Reis\Entities\dependencies\arguments.py"", line 34, in __start <br>     self.__valid_arguments[selected_argv]() #type: ignore <br>   File ""r:\66447 - Automação Renegociação Dividas - Contas a Receber - Thais Reis\main.py"", line 51, in start <br>     df = PrepararDados.preparar_dados(path) <br>   File ""r:\66447 - Automação Renegociação Dividas - Contas a Receber - Thais Reis\Entities\preparar_dados.py"", line 15, in preparar_dados <br>     raise TypeError(f""{path=} não é um arquivo excel!"") <br> TypeError: path='R:\\66447 - Automação Renegociação Dividas - Contas a Receber - Thais Reis\\file\\RETORNO - KITEi .xlsx.crdownload' não é um arquivo excel! <br> "
28/05/2025 16:15:51;66447 - Automação de Renegociação de Dividas;Report;;"Traceback (most recent call last): <br>   File ""r:\66447 - Automação Renegociação Dividas - Contas a Receber - Thais Reis\main.py"", line 63, in start <br>     response = bot.registrar_renegociacao(value.to_dict(), debug=False) # <-------- Debug OFF <br>   File ""r:\66447 - Automação Renegociação Dividas - Contas a Receber - Thais Reis\Entities\imobme.py"", line 57, in wrap <br>     result = func(*args, **kwargs) <br>   File ""r:\66447 - Automação Renegociação Dividas - Contas a Receber - Thais Reis\Entities\imobme.py"", line 163, in registrar_renegociacao <br>     if not total_com_ajuste == round(dados['Valor vencido'], 2): <br>   File ""r:\66447 - Automação Renegociação Dividas - Contas a Receber - Thais Reis\Entities\imobme.py"", line 163, in registrar_renegociacao <br>     if not total_com_ajuste == round(dados['Valor vencido'], 2): <br>   File ""C:\Users\renan.oliveira\AppData\Local\Programs\Python\Python310\lib\bdb.py"", line 90, in trace_dispatch <br>     return self.dispatch_line(frame) <br>   File ""C:\Users\renan.oliveira\AppData\Local\Programs\Python\Python310\lib\bdb.py"", line 115, in dispatch_line <br>     if self.quitting: raise BdbQuit <br> bdb.BdbQuit <br> "
30/06/2025 15:08:54;66447 - Automação de Renegociação de Dividas;Error;Colunas não encontradas: ['Valor parcelado'];"Traceback (most recent call last): <br>   File ""r:\66447 - Automação Renegociação Dividas - Contas a Receber - Thais Reis\Entities\dependencies\arguments.py"", line 34, in __start <br>     self.__valid_arguments[selected_argv]() #type: ignore <br>   File ""r:\66447 - Automação Renegociação Dividas - Contas a Receber - Thais Reis\main.py"", line 52, in start <br>     if PrepararDados.validar_dados(df): <br>   File ""r:\66447 - Automação Renegociação Dividas - Contas a Receber - Thais Reis\Entities\preparar_dados.py"", line 56, in validar_dados <br>     raise ValueError(f""Colunas não encontradas: {columns_not_found}"") <br> ValueError: Colunas não encontradas: ['Valor parcelado'] <br> "
30/06/2025 15:17:41;66447 - Automação de Renegociação de Dividas;Error;Colunas não encontradas: ['Valor parcelado'];"Traceback (most recent call last): <br>   File ""r:\66447 - Automação Renegociação Dividas - Contas a Receber - Thais Reis\Entities\dependencies\arguments.py"", line 34, in __start <br>     self.__valid_arguments[selected_argv]() #type: ignore <br>   File ""r:\66447 - Automação Renegociação Dividas - Contas a Receber - Thais Reis\main.py"", line 56, in start <br>     raise e <br>   File ""r:\66447 - Automação Renegociação Dividas - Contas a Receber - Thais Reis\main.py"", line 53, in start <br>     dados_validados = PrepararDados.validar_dados(df) <br>   File ""r:\66447 - Automação Renegociação Dividas - Contas a Receber - Thais Reis\Entities\preparar_dados.py"", line 56, in validar_dados <br>     raise ValueError(f""Colunas não encontradas: {columns_not_found}"") <br> ValueError: Colunas não encontradas: ['Valor parcelado'] <br> "
30/06/2025 15:18:14;66447 - Automação de Renegociação de Dividas;Error;Colunas não encontradas: ['Valor parcelado'];"Traceback (most recent call last): <br>   File ""r:\66447 - Automação Renegociação Dividas - Contas a Receber - Thais Reis\Entities\dependencies\arguments.py"", line 34, in __start <br>     self.__valid_arguments[selected_argv]() #type: ignore <br>   File ""r:\66447 - Automação Renegociação Dividas - Contas a Receber - Thais Reis\main.py"", line 56, in start <br>     raise e <br>   File ""r:\66447 - Automação Renegociação Dividas - Contas a Receber - Thais Reis\main.py"", line 53, in start <br>     dados_validados = PrepararDados.validar_dados(df) <br>   File ""r:\66447 - Automação Renegociação Dividas - Contas a Receber - Thais Reis\Entities\preparar_dados.py"", line 56, in validar_dados <br>     raise ValueError(f""Colunas não encontradas: {columns_not_found}"") <br> ValueError: Colunas não encontradas: ['Valor parcelado'] <br> "
30/06/2025 15:20:46;66447 - Automação de Renegociação de Dividas;Concluido;Processo concluído com sucesso!;NoneType: None <br> 
30/06/2025 15:20:48;66447 - Automação de Renegociação de Dividas;Concluido;Automação concluida com sucesso!;NoneType: None <br> 
30/06/2025 15:22:17;66447 - Automação de Renegociação de Dividas;Concluido;Processo concluído com sucesso!;NoneType: None <br> 
30/06/2025 15:22:19;66447 - Automação de Renegociação de Dividas;Concluido;Automação concluida com sucesso!;NoneType: None <br> 
30/06/2025 15:23:31;66447 - Automação de Renegociação de Dividas;Concluido;Processo concluído com sucesso!;NoneType: None <br> 
30/06/2025 15:23:33;66447 - Automação de Renegociação de Dividas;Concluido;Automação concluida com sucesso!;NoneType: None <br> 
30/06/2025 15:24:19;66447 - Automação de Renegociação de Dividas;Concluido;Processo concluído com sucesso!;NoneType: None <br> 
30/06/2025 15:24:20;66447 - Automação de Renegociação de Dividas;Concluido;Automação concluida com sucesso!;NoneType: None <br> 
30/06/2025 15:47:39;66447 - Automação de Renegociação de Dividas;Report;(by='id', value='DataPosicao'): não encontrado!;"Traceback (most recent call last): <br>   File ""r:\66447 - Automação Renegociação Dividas - Contas a Receber - Thais Reis\main.py"", line 70, in start <br>     response = bot.registrar_renegociacao(value.to_dict(), debug=False) # <-------- Debug OFF <br>   File ""r:\66447 - Automação Renegociação Dividas - Contas a Receber - Thais Reis\Entities\imobme.py"", line 56, in wrap <br>     result = func(*args, **kwargs) <br>   File ""r:\66447 - Automação Renegociação Dividas - Contas a Receber - Thais Reis\Entities\imobme.py"", line 111, in registrar_renegociacao <br>     self._find_element(By.ID, 'DataPosicao').clear() <br>   File ""r:\66447 - Automação Renegociação Dividas - Contas a Receber - Thais Reis\Entities\imobme.py"", line 56, in wrap <br>     result = func(*args, **kwargs) <br>   File ""r:\66447 - Automação Renegociação Dividas - Contas a Receber - Thais Reis\Entities\imobme.py"", line 99, in _find_element <br>     return super().find_element(by, value, timeout=timeout, force=force, wait_before=wait_before, wait_after=wait_after) <br>   File ""r:\66447 - Automação Renegociação Dividas - Contas a Receber - Thais Reis\Entities\dependencies\navegador_chrome.py"", line 155, in find_element <br>     raise ElementNotFound(f""({by=}, {value=}): não encontrado!"") <br> dependencies.navegador_chrome.ElementNotFound: (by='id', value='DataPosicao'): não encontrado! <br> "
30/06/2025 15:47:47;66447 - Automação de Renegociação de Dividas;Concluido;Processo concluído com sucesso!;NoneType: None <br> 
30/06/2025 15:47:49;66447 - Automação de Renegociação de Dividas;Concluido;Automação concluida com sucesso!;NoneType: None <br> 
30/06/2025 15:57:01;66447 - Automação de Renegociação de Dividas;Report;;"Traceback (most recent call last): <br>   File ""r:\66447 - Automação Renegociação Dividas - Contas a Receber - Thais Reis\main.py"", line 70, in start <br>     response = bot.registrar_renegociacao(value.to_dict(), debug=False) # <-------- Debug OFF <br>   File ""r:\66447 - Automação Renegociação Dividas - Contas a Receber - Thais Reis\Entities\imobme.py"", line 56, in wrap <br>     result = func(*args, **kwargs) <br>   File ""r:\66447 - Automação Renegociação Dividas - Contas a Receber - Thais Reis\Entities\imobme.py"", line 143, in registrar_renegociacao <br>     if math.isnan(dados['Desconto']): <br>   File ""r:\66447 - Automação Renegociação Dividas - Contas a Receber - Thais Reis\Entities\imobme.py"", line 143, in registrar_renegociacao <br>     if math.isnan(dados['Desconto']): <br>   File ""C:\Users\renan.oliveira\AppData\Local\Programs\Python\Python310\lib\bdb.py"", line 90, in trace_dispatch <br>     return self.dispatch_line(frame) <br>   File ""C:\Users\renan.oliveira\AppData\Local\Programs\Python\Python310\lib\bdb.py"", line 115, in dispatch_line <br>     if self.quitting: raise BdbQuit <br> bdb.BdbQuit <br> "
30/06/2025 15:57:09;66447 - Automação de Renegociação de Dividas;Concluido;Processo concluído com sucesso!;NoneType: None <br> 
30/06/2025 15:58:49;66447 - Automação de Renegociação de Dividas;Report;;"Traceback (most recent call last): <br>   File ""r:\66447 - Automação Renegociação Dividas - Contas a Receber - Thais Reis\main.py"", line 70, in start <br>     response = bot.registrar_renegociacao(value.to_dict(), debug=False) # <-------- Debug OFF <br>   File ""r:\66447 - Automação Renegociação Dividas - Contas a Receber - Thais Reis\Entities\imobme.py"", line 56, in wrap <br>     result = func(*args, **kwargs) <br>   File ""r:\66447 - Automação Renegociação Dividas - Contas a Receber - Thais Reis\Entities\imobme.py"", line 155, in registrar_renegociacao <br>     self._find_element(By.XPATH, '//*[@id=""tab-serie""]/thead/tr').location_once_scrolled_into_view <br>   File ""r:\66447 - Automação Renegociação Dividas - Contas a Receber - Thais Reis\Entities\imobme.py"", line 24, in wrap <br>     def wrap(*args, **kwargs): <br>   File ""C:\Users\renan.oliveira\AppData\Local\Programs\Python\Python310\lib\bdb.py"", line 92, in trace_dispatch <br>     return self.dispatch_call(frame, arg) <br>   File ""C:\Users\renan.oliveira\AppData\Local\Programs\Python\Python310\lib\bdb.py"", line 137, in dispatch_call <br>     if self.quitting: raise BdbQuit <br> bdb.BdbQuit <br> "
30/06/2025 16:01:09;66447 - Automação de Renegociação de Dividas;Error;Colunas não encontradas: ['Desconto'];"Traceback (most recent call last): <br>   File ""r:\66447 - Automação Renegociação Dividas - Contas a Receber - Thais Reis\Entities\dependencies\arguments.py"", line 34, in __start <br>     self.__valid_arguments[selected_argv]() #type: ignore <br>   File ""r:\66447 - Automação Renegociação Dividas - Contas a Receber - Thais Reis\main.py"", line 56, in start <br>     raise e <br>   File ""r:\66447 - Automação Renegociação Dividas - Contas a Receber - Thais Reis\main.py"", line 53, in start <br>     dados_validados = PrepararDados.validar_dados(df) <br>   File ""r:\66447 - Automação Renegociação Dividas - Contas a Receber - Thais Reis\Entities\preparar_dados.py"", line 56, in validar_dados <br>     raise ValueError(f""Colunas não encontradas: {columns_not_found}"") <br> ValueError: Colunas não encontradas: ['Desconto'] <br> "
23/10/2025 15:28:55;66447 - Automação de Renegociação de Dividas;Error;Colunas não encontradas: ['Desconto'];"Traceback (most recent call last): <br>   File ""r:\66447 - Automação Renegociação Dividas - Contas a Receber - Thais Reis\Entities\dependencies\arguments.py"", line 34, in __start <br>     self.__valid_arguments[selected_argv]() #type: ignore <br>   File ""r:\66447 - Automação Renegociação Dividas - Contas a Receber - Thais Reis\main.py"", line 64, in start <br>     raise e <br>   File ""r:\66447 - Automação Renegociação Dividas - Contas a Receber - Thais Reis\main.py"", line 61, in start <br>     dados_validados = PrepararDados.validar_dados(df) <br>   File ""r:\66447 - Automação Renegociação Dividas - Contas a Receber - Thais Reis\Entities\preparar_dados.py"", line 56, in validar_dados <br>     raise ValueError(f""Colunas não encontradas: {columns_not_found}"") <br> ValueError: Colunas não encontradas: ['Desconto'] <br> "
23/10/2025 15:37:32;66447 - Automação de Renegociação de Dividas;Report;;"Traceback (most recent call last): <br>   File ""r:\66447 - Automação Renegociação Dividas - Contas a Receber - Thais Reis\main.py"", line 78, in start <br>     response = bot.registrar_renegociacao(value.to_dict(), debug=False) # <-------- Debug OFF <br>   File ""r:\66447 - Automação Renegociação Dividas - Contas a Receber - Thais Reis\Entities\imobme.py"", line 56, in wrap <br>     result = func(*args, **kwargs) <br>   File ""r:\66447 - Automação Renegociação Dividas - Contas a Receber - Thais Reis\Entities\imobme.py"", line 114, in registrar_renegociacao <br>     clicou = False <br>   File ""r:\66447 - Automação Renegociação Dividas - Contas a Receber - Thais Reis\Entities\imobme.py"", line 114, in registrar_renegociacao <br>     clicou = False <br>   File ""C:\Users\renan.oliveira\AppData\Local\Programs\Python\Python310\lib\bdb.py"", line 90, in trace_dispatch <br>     return self.dispatch_line(frame) <br>   File ""C:\Users\renan.oliveira\AppData\Local\Programs\Python\Python310\lib\bdb.py"", line 115, in dispatch_line <br>     if self.quitting: raise BdbQuit <br> bdb.BdbQuit <br> "
23/10/2025 15:37:39;66447 - Automação de Renegociação de Dividas;Concluido;Processo concluído com sucesso!;NoneType: None <br> 
23/10/2025 15:37:41;66447 - Automação de Renegociação de Dividas;Concluido;Automação concluida com sucesso!;NoneType: None <br> 
